模型,方差降低比例,Ederington指标,套保前波动率,套保后波动率,夏普比率(套保前),夏普比率(套保后),最大回撤(套保前),最大回撤(套保后),VaR_95(套保前),VaR_95(套保后)
Basic GARCH,56.95%,0.5695,0.011046,0.007247,-0.0011,0.0095,-53.01%,-35.44%,-0.015524,-0.009164
ECM-GARCH,21.94%,0.2194,0.011047,0.009760,-0.0009,0.0027,-53.01%,-47.34%,-0.015526,-0.013768
DCC-GARCH,51.92%,0.5192,0.011046,0.007659,-0.0011,0.0067,-53.01%,-31.17%,-0.015524,-0.009671
ECM-DCC-GARCH,2.43%,0.0243,0.011047,0.010912,-0.0009,-0.0011,-53.01%,-52.59%,-0.015526,-0.015504
